"ranked","overall","lo","hi"
"both",0.00546448087431694,0,1.64
"one",0.010989010989011,0.6,1.8
"neither",0.0111386138613861,0.74,1.57
"all",0.0108093126385809,0.75,1.41
